Workbook

Sheet Dépouillement
A1: Dépouillement
A2: Cases blanches = à remplir · cases beiges = automatiques (ne pas écraser). La ligne 6 est un exemple à remplacer. Le n° de séquence sert de clé : il alimente l'Ordre de tournage et le Plan de travail.
B3: Séquences : | C3: =COUNT(A6:A65) | E3: Durée totale estimée (h) : | F3: =SUM(L6:L65)/60
A5: Séq. | B5: Décor | C5: I/E | D5: J/N | E5: Description de l'action | F5: Personnages | G5: Figurants | H5: Accessoires | I5: Costumes / Maquillage | J5: Matériel / Technique | K5: Son / Effets | L5: Durée est. (min) | M5: Notes
A6: 1 | B6: Salon | C6: INT | D6: JOUR | E6: Léa découvre une lettre sur la table et la lit. | F6: Léa | G6: — | H6: Lettre, tasse | I6: Pull beige | J6: Trépied, réflecteur | K6: Ambiance salon | L6: 90 | M6: Exemple – à remplacer
A7: 2 | B7: Cour | C7: EXT | D7: JOUR | E7: Léa sort et croise Tom. | F7: Léa, Tom | G7: 2 | H7: Sac à dos | I7: Manteau | J7: Stabilisateur | K7: Pas, vent | L7: 120 | M7: Exemple – à remplacer

Sheet Ordre de tournage
A1: Ordre de tournage
A2: Saisis le jour et le n° de séquence : décor, I/E, J/N et personnages se remplissent seuls depuis le Dépouillement. Les horaires s'enchaînent automatiquement (heure de départ + durée + transition). Lignes 6-7 = exemples.
D3: Heure de départ : | E3: 0.375 | G3: Transition entre séquences (min) : | H3: 15
A5: N° ordre | B5: Jour | C5: Séq. | D5: Décor | E5: I/E | F5: J/N | G5: Personnages | H5: Début | I5: Durée (min) | J5: Fin | K5: Statut | L5: Notes
A6: =IF($C6="","",COUNT($C$6:$C6)) | B6: 1 | C6: 1 | D6: =IF($C6="","",IFERROR(INDEX('Dépouillement'!$B$6:$B$65,MATCH($C6,'Dépouillement'!$A$6:$A$65,0)),"Séq. introuvable")) | E6: =IF($C6="","",IFERROR(INDEX('Dépouillement'!$C$6:$C$65,MATCH($C6,'Dépouillement'!$A$6:$A$65,0)),"Séq. introuvable")) | F6: =IF($C6="","",IFERROR(INDEX('Dépouillement'!$D$6:$D$65,MATCH($C6,'Dépouillement'!$A$6:$A$65,0)),"Séq. introuvable")) | G6: =IF($C6="","",IFERROR(INDEX('Dépouillement'!$F$6:$F$65,MATCH($C6,'Dépouillement'!$A$6:$A$65,0)),"Séq. introuvable")) | H6: =IF($C6="","",$E$3) | I6: 90 | J6: =IF(OR(H6="",I6=""),"",H6+I6/1440) | K6: À tourner | L6: Exemple – à remplacer
A7: =IF($C7="","",COUNT($C$6:$C7)) | B7: 1 | C7: 2 | D7: =IF($C7="","",IFERROR(INDEX('Dépouillement'!$B$6:$B$65,MATCH($C7,'Dépouillement'!$A$6:$A$65,0)),"Séq. introuvable")) | E7: =IF($C7="","",IFERROR(INDEX('Dépouillement'!$C$6:$C$65,MATCH($C7,'Dépouillement'!$A$6:$A$65,0)),"Séq. introuvable")) | F7: =IF($C7="","",IFERROR(INDEX('Dépouillement'!$D$6:$D$65,MATCH($C7,'Dépouillement'!$A$6:$A$65,0)),"Séq. introuvable")) | G7: =IF($C7="","",IFERROR(INDEX('Dépouillement'!$F$6:$F$65,MATCH($C7,'Dépouillement'!$A$6:$A$65,0)),"Séq. introuvable")) | H7: =IF($C7="","",IF(AND(ISNUMBER(J6),B7=B6),J6+$H$3/1440,$E$3)) | I7: 120 | J7: =IF(OR(H7="",I7=""),"",H7+I7/1440) | K7: À tourner | L7: Exemple – à remplacer
A8: =IF($C8="","",COUNT($C$6:$C8)) | D8: =IF($C8="","",IFERROR(INDEX('Dépouillement'!$B$6:$B$65,MATCH($C8,'Dépouillement'!$A$6:$A$65,0)),"Séq. introuvable")) | E8: =IF($C8="","",IFERROR(INDEX('Dépouillement'!$C$6:$C$65,MATCH($C8,'Dépouillement'!$A$6:$A$65,0)),"Séq. introuvable")) | F8: =IF($C8="","",IFERROR(INDEX('Dépouillement'!$D$6:$D$65,MATCH($C8,'Dépouillement'!$A$6:$A$65,0)),"Séq. introuvable")) | G8: =IF($C8="","",IFERROR(INDEX('Dépouillement'!$F$6:$F$65,MATCH($C8,'Dépouillement'!$A$6:$A$65,0)),"Séq. introuvable")) | H8: =IF($C8="","",IF(AND(ISNUMBER(J7),B8=B7),J7+$H$3/1440,$E$3)) | J8: =IF(OR(H8="",I8=""),"",H8+I8/1440)
A9: =IF($C9="","",COUNT($C$6:$C9)) | D9: =IF($C9="","",IFERROR(INDEX('Dépouillement'!$B$6:$B$65,MATCH($C9,'Dépouillement'!$A$6:$A$65,0)),"Séq. introuvable")) | E9: =IF($C9="","",IFERROR(INDEX('Dépouillement'!$C$6:$C$65,MATCH($C9,'Dépouillement'!$A$6:$A$65,0)),"Séq. introuvable")) | F9: =IF($C9="","",IFERROR(INDEX('Dépouillement'!$D$6:$D$65,MATCH($C9,'Dépouillement'!$A$6:$A$65,0)),"Séq. introuvable")) | G9: =IF($C9="","",IFERROR(INDEX('Dépouillement'!$F$6:$F$65,MATCH($C9,'Dépouillement'!$A$6:$A$65,0)),"Séq. introuvable")) | H9: =IF($C9="","",IF(AND(ISNUMBER(J8),B9=B8),J8+$H$3/1440,$E$3)) | J9: =IF(OR(H9="",I9=""),"",H9+I9/1440)
A10: =IF($C10="","",COUNT($C$6:$C10)) | D10: =IF($C10="","",IFERROR(INDEX('Dépouillement'!$B$6:$B$65,MATCH($C10,'Dépouillement'!$A$6:$A$65,0)),"Séq. introuvable")) | E10: =IF($C10="","",IFERROR(INDEX('Dépouillement'!$C$6:$C$65,MATCH($C10,'Dépouillement'!$A$6:$A$65,0)),"Séq. introuvable")) | F10: =IF($C10="","",IFERROR(INDEX('Dépouillement'!$D$6:$D$65,MATCH($C10,'Dépouillement'!$A$6:$A$65,0)),"Séq. introuvable")) | G10: =IF($C10="","",IFERROR(INDEX('Dépouillement'!$F$6:$F$65,MATCH($C10,'Dépouillement'!$A$6:$A$65,0)),"Séq. introuvable")) | H10: =IF($C10="","",IF(AND(ISNUMBER(J9),B10=B9),J9+$H$3/1440,$E$3)) | J10: =IF(OR(H10="",I10=""),"",H10+I10/1440)
A11: =IF($C11="","",COUNT($C$6:$C11)) | D11: =IF($C11="","",IFERROR(INDEX('Dépouillement'!$B$6:$B$65,MATCH($C11,'Dépouillement'!$A$6:$A$65,0)),"Séq. introuvable")) | E11: =IF($C11="","",IFERROR(INDEX('Dépouillement'!$C$6:$C$65,MATCH($C11,'Dépouillement'!$A$6:$A$65,0)),"Séq. introuvable")) | F11: =IF($C11="","",IFERROR(INDEX('Dépouillement'!$D$6:$D$65,MATCH($C11,'Dépouillement'!$A$6:$A$65,0)),"Séq. introuvable")) | G11: =IF($C11="","",IFERROR(INDEX('Dépouillement'!$F$6:$F$65,MATCH($C11,'Dépouillement'!$A$6:$A$65,0)),"Séq. introuvable")) | H11: =IF($C11="","",IF(AND(ISNUMBER(J10),B11=B10),J10+$H$3/1440,$E$3)) | J11: =IF(OR(H11="",I11=""),"",H11+I11/1440)
A12: =IF($C12="","",COUNT($C$6:$C12)) | D12: =IF($C12="","",IFERROR(INDEX('Dépouillement'!$B$6:$B$65,MATCH($C12,'Dépouillement'!$A$6:$A$65,0)),"Séq. introuvable")) | E12: =IF($C12="","",IFERROR(INDEX('Dépouillement'!$C$6:$C$65,MATCH($C12,'Dépouillement'!$A$6:$A$65,0)),"Séq. introuvable")) | F12: =IF($C12="","",IFERROR(INDEX('Dépouillement'!$D$6:$D$65,MATCH($C12,'Dépouillement'!$A$6:$A$65,0)),"Séq. introuvable")) | G12: =IF($C12="","",IFERROR(INDEX('Dépouillement'!$F$6:$F$65,MATCH($C12,'Dépouillement'!$A$6:$A$65,0)),"Séq. introuvable")) | H12: =IF($C12="","",IF(AND(ISNUMBER(J11),B12=B11),J11+$H$3/1440,$E$3)) | J12: =IF(OR(H12="",I12=""),"",H12+I12/1440)
A13: =IF($C13="","",COUNT($C$6:$C13)) | D13: =IF($C13="","",IFERROR(INDEX('Dépouillement'!$B$6:$B$65,MATCH($C13,'Dépouillement'!$A$6:$A$65,0)),"Séq. introuvable")) | E13: =IF($C13="","",IFERROR(INDEX('Dépouillement'!$C$6:$C$65,MATCH($C13,'Dépouillement'!$A$6:$A$65,0)),"Séq. introuvable")) | F13: =IF($C13="","",IFERROR(INDEX('Dépouillement'!$D$6:$D$65,MATCH($C13,'Dépouillement'!$A$6:$A$65,0)),"Séq. introuvable")) | G13: =IF($C13="","",IFERROR(INDEX('Dépouillement'!$F$6:$F$65,MATCH($C13,'Dépouillement'!$A$6:$A$65,0)),"Séq. introuvable")) | H13: =IF($C13="","",IF(AND(ISNUMBER(J12),B13=B12),J12+$H$3/1440,$E$3)) | J13: =IF(OR(H13="",I13=""),"",H13+I13/1440)
A14: =IF($C14="","",COUNT($C$6:$C14)) | D14: =IF($C14="","",IFERROR(INDEX('Dépouillement'!$B$6:$B$65,MATCH($C14,'Dépouillement'!$A$6:$A$65,0)),"Séq. introuvable")) | E14: =IF($C14="","",IFERROR(INDEX('Dépouillement'!$C$6:$C$65,MATCH($C14,'Dépouillement'!$A$6:$A$65,0)),"Séq. introuvable")) | F14: =IF($C14="","",IFERROR(INDEX('Dépouillement'!$D$6:$D$65,MATCH($C14,'Dépouillement'!$A$6:$A$65,0)),"Séq. introuvable")) | G14: =IF($C14="","",IFERROR(INDEX('Dépouillement'!$F$6:$F$65,MATCH($C14,'Dépouillement'!$A$6:$A$65,0)),"Séq. introuvable")) | H14: =IF($C14="","",IF(AND(ISNUMBER(J13),B14=B13),J13+$H$3/1440,$E$3)) | J14: =IF(OR(H14="",I14=""),"",H14+I14/1440)
A15: =IF($C15="","",COUNT($C$6:$C15)) | D15: =IF($C15="","",IFERROR(INDEX('Dépouillement'!$B$6:$B$65,MATCH($C15,'Dépouillement'!$A$6:$A$65,0)),"Séq. introuvable")) | E15: =IF($C15="","",IFERROR(INDEX('Dépouillement'!$C$6:$C$65,MATCH($C15,'Dépouillement'!$A$6:$A$65,0)),"Séq. introuvable")) | F15: =IF($C15="","",IFERROR(INDEX('Dépouillement'!$D$6:$D$65,MATCH($C15,'Dépouillement'!$A$6:$A$65,0)),"Séq. introuvable")) | G15: =IF($C15="","",IFERROR(INDEX('Dépouillement'!$F$6:$F$65,MATCH($C15,'Dépouillement'!$A$6:$A$65,0)),"Séq. introuvable")) | H15: =IF($C15="","",IF(AND(ISNUMBER(J14),B15=B14),J14+$H$3/1440,$E$3)) | J15: =IF(OR(H15="",I15=""),"",H15+I15/1440)
A16: =IF($C16="","",COUNT($C$6:$C16)) | D16: =IF($C16="","",IFERROR(INDEX('Dépouillement'!$B$6:$B$65,MATCH($C16,'Dépouillement'!$A$6:$A$65,0)),"Séq. introuvable")) | E16: =IF($C16="","",IFERROR(INDEX('Dépouillement'!$C$6:$C$65,MATCH($C16,'Dépouillement'!$A$6:$A$65,0)),"Séq. introuvable")) | F16: =IF($C16="","",IFERROR(INDEX('Dépouillement'!$D$6:$D$65,MATCH($C16,'Dépouillement'!$A$6:$A$65,0)),"Séq. introuvable")) | G16: =IF($C16="","",IFERROR(INDEX('Dépouillement'!$F$6:$F$65,MATCH($C16,'Dépouillement'!$A$6:$A$65,0)),"Séq. introuvable")) | H16: =IF($C16="","",IF(AND(ISNUMBER(J15),B16=B15),J15+$H$3/1440,$E$3)) | J16: =IF(OR(H16="",I16=""),"",H16+I16/1440)
A17: =IF($C17="","",COUNT($C$6:$C17)) | D17: =IF($C17="","",IFERROR(INDEX('Dépouillement'!$B$6:$B$65,MATCH($C17,'Dépouillement'!$A$6:$A$65,0)),"Séq. introuvable")) | E17: =IF($C17="","",IFERROR(INDEX('Dépouillement'!$C$6:$C$65,MATCH($C17,'Dépouillement'!$A$6:$A$65,0)),"Séq. introuvable")) | F17: =IF($C17="","",IFERROR(INDEX('Dépouillement'!$D$6:$D$65,MATCH($C17,'Dépouillement'!$A$6:$A$65,0)),"Séq. introuvable")) | G17: =IF($C17="","",IFERROR(INDEX('Dépouillement'!$F$6:$F$65,MATCH($C17,'Dépouillement'!$A$6:$A$65,0)),"Séq. introuvable")) | H17: =IF($C17="","",IF(AND(ISNUMBER(J16),B17=B16),J16+$H$3/1440,$E$3)) | J17: =IF(OR(H17="",I17=""),"",H17+I17/1440)
A18: =IF($C18="","",COUNT($C$6:$C18)) | D18: =IF($C18="","",IFERROR(INDEX('Dépouillement'!$B$6:$B$65,MATCH($C18,'Dépouillement'!$A$6:$A$65,0)),"Séq. introuvable")) | E18: =IF($C18="","",IFERROR(INDEX('Dépouillement'!$C$6:$C$65,MATCH($C18,'Dépouillement'!$A$6:$A$65,0)),"Séq. introuvable")) | F18: =IF($C18="","",IFERROR(INDEX('Dépouillement'!$D$6:$D$65,MATCH($C18,'Dépouillement'!$A$6:$A$65,0)),"Séq. introuvable")) | G18: =IF($C18="","",IFERROR(INDEX('Dépouillement'!$F$6:$F$65,MATCH($C18,'Dépouillement'!$A$6:$A$65,0)),"Séq. introuvable")) | H18: =IF($C18="","",IF(AND(ISNUMBER(J17),B18=B17),J17+$H$3/1440,$E$3)) | J18: =IF(OR(H18="",I18=""),"",H18+I18/1440)
A19: =IF($C19="","",COUNT($C$6:$C19)) | D19: =IF($C19="","",IFERROR(INDEX('Dépouillement'!$B$6:$B$65,MATCH($C19,'Dépouillement'!$A$6:$A$65,0)),"Séq. introuvable")) | E19: =IF($C19="","",IFERROR(INDEX('Dépouillement'!$C$6:$C$65,MATCH($C19,'Dépouillement'!$A$6:$A$65,0)),"Séq. introuvable")) | F19: =IF($C19="","",IFERROR(INDEX('Dépouillement'!$D$6:$D$65,MATCH($C19,'Dépouillement'!$A$6:$A$65,0)),"Séq. introuvable")) | G19: =IF($C19="","",IFERROR(INDEX('Dépouillement'!$F$6:$F$65,MATCH($C19,'Dépouillement'!$A$6:$A$65,0)),"Séq. introuvable")) | H19: =IF($C19="","",IF(AND(ISNUMBER(J18),B19=B18),J18+$H$3/1440,$E$3)) | J19: =IF(OR(H19="",I19=""),"",H19+I19/1440)
... A65: =IF($C65="","",COUNT($C$6:$C65)) | D65: =IF($C65="","",IFERROR(INDEX('Dépouillement'!$B$6:$B$65,MATCH($C65,'Dépouillement'!$A$6:$A$65,0)),"Séq. introuvable")) | E65: =IF($C65="","",IFERROR(INDEX('Dépouillement'!$C$6:$C$65,MATCH($C65,'Dépouillement'!$A$6:$A$65,0)),"Séq. introuvable")) | F65: =IF($C65="","",IFERROR(INDEX('Dépouillement'!$D$6:$D$65,MATCH($C65,'Dépouillement'!$A$6:$A$65,0)),"Séq. introuvable")) | G65: =IF($C65="","",IFERROR(INDEX('Dépouillement'!$F$6:$F$65,MATCH($C65,'Dépouillement'!$A$6:$A$65,0)),"Séq. introuvable")) | H65: =IF($C65="","",IF(AND(ISNUMBER(J64),B65=B64),J64+$H$3/1440,$E$3)) | J65: =IF(OR(H65="",I65=""),"",H65+I65/1440)

Sheet Budget
A1: Gestion du budget
A2: Saisis quantité, coût unitaire et dépense réelle : total prévu, écart et synthèse se calculent seuls. Les catégories (colonne M) sont modifiables. Lignes 6-7 = exemples.
A5: Catégorie | B5: Poste / Description | C5: Qté | D5: Unité | E5: Coût unitaire | F5: Total prévu | G5: Dépensé réel | H5: Écart | I5: % consommé | J5: Statut | K5: Notes | M5: SYNTHÈSE
A6: Équipe | B6: Chef opérateur | C6: 2 | D6: jour | E6: 350 | F6: =IF(OR(C6="",E6=""),"",C6*E6) | G6: 700 | H6: =IF(F6="","",F6-G6) | I6: =IF(OR(F6="",F6=0,G6=""),"",G6/F6) | J6: Payé | K6: Exemple – à remplacer | M6: Budget global (€) | N6: 5000
A7: Matériel | B7: Location caméra + optiques | C7: 1 | D7: forfait | E7: 400 | F7: =IF(OR(C7="",E7=""),"",C7*E7) | G7: 380 | H7: =IF(F7="","",F7-G7) | I7: =IF(OR(F7="",F7=0,G7=""),"",G7/F7) | J7: Commandé | K7: Exemple – à remplacer | M7: Total prévu | N7: =F46
F8: =IF(OR(C8="",E8=""),"",C8*E8) | H8: =IF(F8="","",F8-G8) | I8: =IF(OR(F8="",F8=0,G8=""),"",G8/F8) | M8: Total dépensé | N8: =G46
F9: =IF(OR(C9="",E9=""),"",C9*E9) | H9: =IF(F9="","",F9-G9) | I9: =IF(OR(F9="",F9=0,G9=""),"",G9/F9) | M9: Reste (budget – dépensé) | N9: =N6-N8
F10: =IF(OR(C10="",E10=""),"",C10*E10) | H10: =IF(F10="","",F10-G10) | I10: =IF(OR(F10="",F10=0,G10=""),"",G10/F10) | M10: Reste (budget – prévu) | N10: =N6-N7
F11: =IF(OR(C11="",E11=""),"",C11*E11) | H11: =IF(F11="","",F11-G11) | I11: =IF(OR(F11="",F11=0,G11=""),"",G11/F11) | M11: Budget consommé | N11: =IF(N6=0,"",N8/N6)
F12: =IF(OR(C12="",E12=""),"",C12*E12) | H12: =IF(F12="","",F12-G12) | I12: =IF(OR(F12="",F12=0,G12=""),"",G12/F12)
F13: =IF(OR(C13="",E13=""),"",C13*E13) | H13: =IF(F13="","",F13-G13) | I13: =IF(OR(F13="",F13=0,G13=""),"",G13/F13) | M13: Catégorie | N13: Prévu | O13: Dépensé | P13: Écart
F14: =IF(OR(C14="",E14=""),"",C14*E14) | H14: =IF(F14="","",F14-G14) | I14: =IF(OR(F14="",F14=0,G14=""),"",G14/F14) | M14: Équipe | N14: =SUMIF($A$6:$A$45,$M14,$F$6:$F$45) | O14: =SUMIF($A$6:$A$45,$M14,$G$6:$G$45) | P14: =N14-O14
F15: =IF(OR(C15="",E15=""),"",C15*E15) | H15: =IF(F15="","",F15-G15) | I15: =IF(OR(F15="",F15=0,G15=""),"",G15/F15) | M15: Casting | N15: =SUMIF($A$6:$A$45,$M15,$F$6:$F$45) | O15: =SUMIF($A$6:$A$45,$M15,$G$6:$G$45) | P15: =N15-O15
F16: =IF(OR(C16="",E16=""),"",C16*E16) | H16: =IF(F16="","",F16-G16) | I16: =IF(OR(F16="",F16=0,G16=""),"",G16/F16) | M16: Matériel | N16: =SUMIF($A$6:$A$45,$M16,$F$6:$F$45) | O16: =SUMIF($A$6:$A$45,$M16,$G$6:$G$45) | P16: =N16-O16
F17: =IF(OR(C17="",E17=""),"",C17*E17) | H17: =IF(F17="","",F17-G17) | I17: =IF(OR(F17="",F17=0,G17=""),"",G17/F17) | M17: Décors & Lieux | N17: =SUMIF($A$6:$A$45,$M17,$F$6:$F$45) | O17: =SUMIF($A$6:$A$45,$M17,$G$6:$G$45) | P17: =N17-O17
F18: =IF(OR(C18="",E18=""),"",C18*E18) | H18: =IF(F18="","",F18-G18) | I18: =IF(OR(F18="",F18=0,G18=""),"",G18/F18) | M18: Costumes & Maquillage | N18: =SUMIF($A$6:$A$45,$M18,$F$6:$F$45) | O18: =SUMIF($A$6:$A$45,$M18,$G$6:$G$45) | P18: =N18-O18
F19: =IF(OR(C19="",E19=""),"",C19*E19) | H19: =IF(F19="","",F19-G19) | I19: =IF(OR(F19="",F19=0,G19=""),"",G19/F19) | M19: Transport | N19: =SUMIF($A$6:$A$45,$M19,$F$6:$F$45) | O19: =SUMIF($A$6:$A$45,$M19,$G$6:$G$45) | P19: =N19-O19
F20: =IF(OR(C20="",E20=""),"",C20*E20) | H20: =IF(F20="","",F20-G20) | I20: =IF(OR(F20="",F20=0,G20=""),"",G20/F20) | M20: Repas | N20: =SUMIF($A$6:$A$45,$M20,$F$6:$F$45) | O20: =SUMIF($A$6:$A$45,$M20,$G$6:$G$45) | P20: =N20-O20
F21: =IF(OR(C21="",E21=""),"",C21*E21) | H21: =IF(F21="","",F21-G21) | I21: =IF(OR(F21="",F21=0,G21=""),"",G21/F21) | M21: Post-production | N21: =SUMIF($A$6:$A$45,$M21,$F$6:$F$45) | O21: =SUMIF($A$6:$A$45,$M21,$G$6:$G$45) | P21: =N21-O21
F22: =IF(OR(C22="",E22=""),"",C22*E22) | H22: =IF(F22="","",F22-G22) | I22: =IF(OR(F22="",F22=0,G22=""),"",G22/F22) | M22: Assurance & Admin | N22: =SUMIF($A$6:$A$45,$M22,$F$6:$F$45) | O22: =SUMIF($A$6:$A$45,$M22,$G$6:$G$45) | P22: =N22-O22
F23: =IF(OR(C23="",E23=""),"",C23*E23) | H23: =IF(F23="","",F23-G23) | I23: =IF(OR(F23="",F23=0,G23=""),"",G23/F23) | M23: Divers | N23: =SUMIF($A$6:$A$45,$M23,$F$6:$F$45) | O23: =SUMIF($A$6:$A$45,$M23,$G$6:$G$45) | P23: =N23-O23
F24: =IF(OR(C24="",E24=""),"",C24*E24) | H24: =IF(F24="","",F24-G24) | I24: =IF(OR(F24="",F24=0,G24=""),"",G24/F24) | M24: TOTAL | N24: =SUM(N14:N23) | O24: =SUM(O14:O23) | P24: =SUM(P14:P23)
F25: =IF(OR(C25="",E25=""),"",C25*E25) | H25: =IF(F25="","",F25-G25) | I25: =IF(OR(F25="",F25=0,G25=""),"",G25/F25)
F26: =IF(OR(C26="",E26=""),"",C26*E26) | H26: =IF(F26="","",F26-G26) | I26: =IF(OR(F26="",F26=0,G26=""),"",G26/F26)
F27: =IF(OR(C27="",E27=""),"",C27*E27) | H27: =IF(F27="","",F27-G27) | I27: =IF(OR(F27="",F27=0,G27=""),"",G27/F27)
F28: =IF(OR(C28="",E28=""),"",C28*E28) | H28: =IF(F28="","",F28-G28) | I28: =IF(OR(F28="",F28=0,G28=""),"",G28/F28)
F29: =IF(OR(C29="",E29=""),"",C29*E29) | H29: =IF(F29="","",F29-G29) | I29: =IF(OR(F29="",F29=0,G29=""),"",G29/F29)
F30: =IF(OR(C30="",E30=""),"",C30*E30) | H30: =IF(F30="","",F30-G30) | I30: =IF(OR(F30="",F30=0,G30=""),"",G30/F30)
F31: =IF(OR(C31="",E31=""),"",C31*E31) | H31: =IF(F31="","",F31-G31) | I31: =IF(OR(F31="",F31=0,G31=""),"",G31/F31)
F32: =IF(OR(C32="",E32=""),"",C32*E32) | H32: =IF(F32="","",F32-G32) | I32: =IF(OR(F32="",F32=0,G32=""),"",G32/F32)
F33: =IF(OR(C33="",E33=""),"",C33*E33) | H33: =IF(F33="","",F33-G33) | I33: =IF(OR(F33="",F33=0,G33=""),"",G33/F33)
F34: =IF(OR(C34="",E34=""),"",C34*E34) | H34: =IF(F34="","",F34-G34) | I34: =IF(OR(F34="",F34=0,G34=""),"",G34/F34)
F35: =IF(OR(C35="",E35=""),"",C35*E35) | H35: =IF(F35="","",F35-G35) | I35: =IF(OR(F35="",F35=0,G35=""),"",G35/F35)
F36: =IF(OR(C36="",E36=""),"",C36*E36) | H36: =IF(F36="","",F36-G36) | I36: =IF(OR(F36="",F36=0,G36=""),"",G36/F36)
... F45: =IF(OR(C45="",E45=""),"",C45*E45) | H45: =IF(F45="","",F45-G45) | I45: =IF(OR(F45="",F45=0,G45=""),"",G45/F45)
A46: TOTAL | F46: =SUM(F6:F45) | G46: =SUM(G6:G45) | H46: =SUM(H6:H45)

Sheet Plan de travail
A1: Plan de travail
A2: Feuille de route d'une journée de tournage (8h–20h). Renseigne le n° de séquence pour récupérer décor, personnages et matériel. Horaires modifiables. Une ligne sans séquence sert aux pauses, trajets, installations. Lignes 9-11 et 14 = exemples.
A4: Date | B4: 46297 | D4: Lieu | E4: Studio – adresse | F4: Contact production | G4: Nom – 06 00 00 00 00
A5: Jour n° | B5: 1 | D5: Convocation équipe | E5: 0.35416667 | F5: Météo / lever–coucher soleil
A7: Début | B7: Fin | C7: Séq. | D7: Décor | E7: Activité / Plan | F7: Personnages | G7: Matériel | H7: Notes
A8: 0.33333333 | B8: 0.35416667 | D8: =IF($C8="","",IFERROR(INDEX('Dépouillement'!$B$6:$B$65,MATCH($C8,'Dépouillement'!$A$6:$A$65,0)),"Séq. introuvable")) | F8: =IF($C8="","",IFERROR(INDEX('Dépouillement'!$F$6:$F$65,MATCH($C8,'Dépouillement'!$A$6:$A$65,0)),"Séq. introuvable")) | G8: =IF($C8="","",IFERROR(INDEX('Dépouillement'!$J$6:$J$65,MATCH($C8,'Dépouillement'!$A$6:$A$65,0)),"Séq. introuvable"))
A9: 0.35416667 | B9: 0.375 | D9: =IF($C9="","",IFERROR(INDEX('Dépouillement'!$B$6:$B$65,MATCH($C9,'Dépouillement'!$A$6:$A$65,0)),"Séq. introuvable")) | E9: Installation lumière | F9: =IF($C9="","",IFERROR(INDEX('Dépouillement'!$F$6:$F$65,MATCH($C9,'Dépouillement'!$A$6:$A$65,0)),"Séq. introuvable")) | G9: =IF($C9="","",IFERROR(INDEX('Dépouillement'!$J$6:$J$65,MATCH($C9,'Dépouillement'!$A$6:$A$65,0)),"Séq. introuvable")) | H9: Exemple – à remplacer
A10: 0.375 | B10: 0.39583333 | C10: 1 | D10: =IF($C10="","",IFERROR(INDEX('Dépouillement'!$B$6:$B$65,MATCH($C10,'Dépouillement'!$A$6:$A$65,0)),"Séq. introuvable")) | E10: Plan 1 – cadrage large | F10: =IF($C10="","",IFERROR(INDEX('Dépouillement'!$F$6:$F$65,MATCH($C10,'Dépouillement'!$A$6:$A$65,0)),"Séq. introuvable")) | G10: =IF($C10="","",IFERROR(INDEX('Dépouillement'!$J$6:$J$65,MATCH($C10,'Dépouillement'!$A$6:$A$65,0)),"Séq. introuvable")) | H10: Exemple – à remplacer
A11: 0.39583333 | B11: 0.41666667 | C11: 1 | D11: =IF($C11="","",IFERROR(INDEX('Dépouillement'!$B$6:$B$65,MATCH($C11,'Dépouillement'!$A$6:$A$65,0)),"Séq. introuvable")) | E11: Plan 2 – gros plan lettre | F11: =IF($C11="","",IFERROR(INDEX('Dépouillement'!$F$6:$F$65,MATCH($C11,'Dépouillement'!$A$6:$A$65,0)),"Séq. introuvable")) | G11: =IF($C11="","",IFERROR(INDEX('Dépouillement'!$J$6:$J$65,MATCH($C11,'Dépouillement'!$A$6:$A$65,0)),"Séq. introuvable")) | H11: Exemple – à remplacer
A12: 0.41666667 | B12: 0.4375 | D12: =IF($C12="","",IFERROR(INDEX('Dépouillement'!$B$6:$B$65,MATCH($C12,'Dépouillement'!$A$6:$A$65,0)),"Séq. introuvable")) | F12: =IF($C12="","",IFERROR(INDEX('Dépouillement'!$F$6:$F$65,MATCH($C12,'Dépouillement'!$A$6:$A$65,0)),"Séq. introuvable")) | G12: =IF($C12="","",IFERROR(INDEX('Dépouillement'!$J$6:$J$65,MATCH($C12,'Dépouillement'!$A$6:$A$65,0)),"Séq. introuvable"))
A13: 0.4375 | B13: 0.45833333 | D13: =IF($C13="","",IFERROR(INDEX('Dépouillement'!$B$6:$B$65,MATCH($C13,'Dépouillement'!$A$6:$A$65,0)),"Séq. introuvable")) | F13: =IF($C13="","",IFERROR(INDEX('Dépouillement'!$F$6:$F$65,MATCH($C13,'Dépouillement'!$A$6:$A$65,0)),"Séq. introuvable")) | G13: =IF($C13="","",IFERROR(INDEX('Dépouillement'!$J$6:$J$65,MATCH($C13,'Dépouillement'!$A$6:$A$65,0)),"Séq. introuvable"))
A14: 0.45833333 | B14: 0.47916667 | D14: =IF($C14="","",IFERROR(INDEX('Dépouillement'!$B$6:$B$65,MATCH($C14,'Dépouillement'!$A$6:$A$65,0)),"Séq. introuvable")) | E14: Pause déjeuner | F14: =IF($C14="","",IFERROR(INDEX('Dépouillement'!$F$6:$F$65,MATCH($C14,'Dépouillement'!$A$6:$A$65,0)),"Séq. introuvable")) | G14: =IF($C14="","",IFERROR(INDEX('Dépouillement'!$J$6:$J$65,MATCH($C14,'Dépouillement'!$A$6:$A$65,0)),"Séq. introuvable")) | H14: Exemple – à remplacer
A15: 0.47916667 | B15: 0.5 | D15: =IF($C15="","",IFERROR(INDEX('Dépouillement'!$B$6:$B$65,MATCH($C15,'Dépouillement'!$A$6:$A$65,0)),"Séq. introuvable")) | F15: =IF($C15="","",IFERROR(INDEX('Dépouillement'!$F$6:$F$65,MATCH($C15,'Dépouillement'!$A$6:$A$65,0)),"Séq. introuvable")) | G15: =IF($C15="","",IFERROR(INDEX('Dépouillement'!$J$6:$J$65,MATCH($C15,'Dépouillement'!$A$6:$A$65,0)),"Séq. introuvable"))
A16: 0.5 | B16: 0.52083333 | D16: =IF($C16="","",IFERROR(INDEX('Dépouillement'!$B$6:$B$65,MATCH($C16,'Dépouillement'!$A$6:$A$65,0)),"Séq. introuvable")) | F16: =IF($C16="","",IFERROR(INDEX('Dépouillement'!$F$6:$F$65,MATCH($C16,'Dépouillement'!$A$6:$A$65,0)),"Séq. introuvable")) | G16: =IF($C16="","",IFERROR(INDEX('Dépouillement'!$J$6:$J$65,MATCH($C16,'Dépouillement'!$A$6:$A$65,0)),"Séq. introuvable"))
A17: 0.52083333 | B17: 0.54166667 | D17: =IF($C17="","",IFERROR(INDEX('Dépouillement'!$B$6:$B$65,MATCH($C17,'Dépouillement'!$A$6:$A$65,0)),"Séq. introuvable")) | F17: =IF($C17="","",IFERROR(INDEX('Dépouillement'!$F$6:$F$65,MATCH($C17,'Dépouillement'!$A$6:$A$65,0)),"Séq. introuvable")) | G17: =IF($C17="","",IFERROR(INDEX('Dépouillement'!$J$6:$J$65,MATCH($C17,'Dépouillement'!$A$6:$A$65,0)),"Séq. introuvable"))
A18: 0.54166667 | B18: 0.5625 | D18: =IF($C18="","",IFERROR(INDEX('Dépouillement'!$B$6:$B$65,MATCH($C18,'Dépouillement'!$A$6:$A$65,0)),"Séq. introuvable")) | F18: =IF($C18="","",IFERROR(INDEX('Dépouillement'!$F$6:$F$65,MATCH($C18,'Dépouillement'!$A$6:$A$65,0)),"Séq. introuvable")) | G18: =IF($C18="","",IFERROR(INDEX('Dépouillement'!$J$6:$J$65,MATCH($C18,'Dépouillement'!$A$6:$A$65,0)),"Séq. introuvable"))
A19: 0.5625 | B19: 0.58333333 | D19: =IF($C19="","",IFERROR(INDEX('Dépouillement'!$B$6:$B$65,MATCH($C19,'Dépouillement'!$A$6:$A$65,0)),"Séq. introuvable")) | F19: =IF($C19="","",IFERROR(INDEX('Dépouillement'!$F$6:$F$65,MATCH($C19,'Dépouillement'!$A$6:$A$65,0)),"Séq. introuvable")) | G19: =IF($C19="","",IFERROR(INDEX('Dépouillement'!$J$6:$J$65,MATCH($C19,'Dépouillement'!$A$6:$A$65,0)),"Séq. introuvable"))
A20: 0.58333333 | B20: 0.60416667 | D20: =IF($C20="","",IFERROR(INDEX('Dépouillement'!$B$6:$B$65,MATCH($C20,'Dépouillement'!$A$6:$A$65,0)),"Séq. introuvable")) | F20: =IF($C20="","",IFERROR(INDEX('Dépouillement'!$F$6:$F$65,MATCH($C20,'Dépouillement'!$A$6:$A$65,0)),"Séq. introuvable")) | G20: =IF($C20="","",IFERROR(INDEX('Dépouillement'!$J$6:$J$65,MATCH($C20,'Dépouillement'!$A$6:$A$65,0)),"Séq. introuvable"))
A21: 0.60416667 | B21: 0.625 | D21: =IF($C21="","",IFERROR(INDEX('Dépouillement'!$B$6:$B$65,MATCH($C21,'Dépouillement'!$A$6:$A$65,0)),"Séq. introuvable")) | F21: =IF($C21="","",IFERROR(INDEX('Dépouillement'!$F$6:$F$65,MATCH($C21,'Dépouillement'!$A$6:$A$65,0)),"Séq. introuvable")) | G21: =IF($C21="","",IFERROR(INDEX('Dépouillement'!$J$6:$J$65,MATCH($C21,'Dépouillement'!$A$6:$A$65,0)),"Séq. introuvable"))
A22: 0.625 | B22: 0.64583333 | D22: =IF($C22="","",IFERROR(INDEX('Dépouillement'!$B$6:$B$65,MATCH($C22,'Dépouillement'!$A$6:$A$65,0)),"Séq. introuvable")) | F22: =IF($C22="","",IFERROR(INDEX('Dépouillement'!$F$6:$F$65,MATCH($C22,'Dépouillement'!$A$6:$A$65,0)),"Séq. introuvable")) | G22: =IF($C22="","",IFERROR(INDEX('Dépouillement'!$J$6:$J$65,MATCH($C22,'Dépouillement'!$A$6:$A$65,0)),"Séq. introuvable"))
A23: 0.64583333 | B23: 0.66666667 | D23: =IF($C23="","",IFERROR(INDEX('Dépouillement'!$B$6:$B$65,MATCH($C23,'Dépouillement'!$A$6:$A$65,0)),"Séq. introuvable")) | F23: =IF($C23="","",IFERROR(INDEX('Dépouillement'!$F$6:$F$65,MATCH($C23,'Dépouillement'!$A$6:$A$65,0)),"Séq. introuvable")) | G23: =IF($C23="","",IFERROR(INDEX('Dépouillement'!$J$6:$J$65,MATCH($C23,'Dépouillement'!$A$6:$A$65,0)),"Séq. introuvable"))
A24: 0.66666667 | B24: 0.6875 | D24: =IF($C24="","",IFERROR(INDEX('Dépouillement'!$B$6:$B$65,MATCH($C24,'Dépouillement'!$A$6:$A$65,0)),"Séq. introuvable")) | F24: =IF($C24="","",IFERROR(INDEX('Dépouillement'!$F$6:$F$65,MATCH($C24,'Dépouillement'!$A$6:$A$65,0)),"Séq. introuvable")) | G24: =IF($C24="","",IFERROR(INDEX('Dépouillement'!$J$6:$J$65,MATCH($C24,'Dépouillement'!$A$6:$A$65,0)),"Séq. introuvable"))
A25: 0.6875 | B25: 0.70833333 | D25: =IF($C25="","",IFERROR(INDEX('Dépouillement'!$B$6:$B$65,MATCH($C25,'Dépouillement'!$A$6:$A$65,0)),"Séq. introuvable")) | F25: =IF($C25="","",IFERROR(INDEX('Dépouillement'!$F$6:$F$65,MATCH($C25,'Dépouillement'!$A$6:$A$65,0)),"Séq. introuvable")) | G25: =IF($C25="","",IFERROR(INDEX('Dépouillement'!$J$6:$J$65,MATCH($C25,'Dépouillement'!$A$6:$A$65,0)),"Séq. introuvable"))
A26: 0.70833333 | B26: 0.72916667 | D26: =IF($C26="","",IFERROR(INDEX('Dépouillement'!$B$6:$B$65,MATCH($C26,'Dépouillement'!$A$6:$A$65,0)),"Séq. introuvable")) | F26: =IF($C26="","",IFERROR(INDEX('Dépouillement'!$F$6:$F$65,MATCH($C26,'Dépouillement'!$A$6:$A$65,0)),"Séq. introuvable")) | G26: =IF($C26="","",IFERROR(INDEX('Dépouillement'!$J$6:$J$65,MATCH($C26,'Dépouillement'!$A$6:$A$65,0)),"Séq. introuvable"))
... A31: 0.8125 | B31: 0.83333333 | D31: =IF($C31="","",IFERROR(INDEX('Dépouillement'!$B$6:$B$65,MATCH($C31,'Dépouillement'!$A$6:$A$65,0)),"Séq. introuvable")) | F31: =IF($C31="","",IFERROR(INDEX('Dépouillement'!$F$6:$F$65,MATCH($C31,'Dépouillement'!$A$6:$A$65,0)),"Séq. introuvable")) | G31: =IF($C31="","",IFERROR(INDEX('Dépouillement'!$J$6:$J$65,MATCH($C31,'Dépouillement'!$A$6:$A$65,0)),"Séq. introuvable"))
